Risk ID,Asset,Threat,Vulnerability,Likelihood,Impact,Risk Score,Rating,Risk Owner,Existing Controls (simulated),Treatment Option,Treatment Action,Control Reference (Annex A),Target Date,Residual Likelihood,Residual Impact,Residual Score,Residual Rating,Status,Risk Acceptance
R-001,Customer DB,Data breach,Excessive privileges,4,5,20,Critical,CTO,Role-based DB users; no periodic review,Mitigate,Conduct quarterly database access reviews; remove standing admin access,"A.5.15, A.5.18, A.8.2",07-Nov-2026,2,4,8,Medium,Open,Not accepted - treat
R-002,AWS,Cloud compromise,Misconfigured IAM,3,5,15,High,DevOps Lead,IAM roles in use; no formal permission review,Mitigate,Review AWS IAM permissions; enable IAM Access Analyzer,"A.5.23, A.8.2",07-Nov-2026,2,4,8,Medium,Open,Not accepted - treat
R-003,GitHub,Account takeover,MFA not enforced,3,5,15,High,Engineering Lead,"MFA available, not enforced for all",Mitigate,Enforce MFA on GitHub org,"A.5.17, A.8.5",23-Oct-2026,1,5,5,Medium,In Progress,Not accepted - treat
R-004,Laptops,Malware,Weak endpoint controls,4,4,16,High,IT Manager,Basic AV on some devices,Mitigate,Deploy endpoint protection (EDR) on all laptops,"A.8.7, A.8.1",22-Nov-2026,2,3,6,Medium,In Progress,Not accepted - treat
R-005,M365,Phishing,Limited awareness,4,4,16,High,HR / Security Lead,Spam filtering,Mitigate,Conduct phishing simulation and security awareness training,"A.6.3, A.8.23",07-Nov-2026,3,3,9,Medium,Open,Not accepted - treat
R-006,VPN,Unauthorized access,Weak authentication,3,5,15,High,IT Manager,Password-only VPN login,Mitigate,Enforce MFA on VPN,"A.5.15, A.8.5",07-Nov-2026,2,4,8,Medium,Open,Not accepted - treat
R-007,Backup,Data loss,Inadequate backup testing,3,5,15,High,DevOps Lead,Daily cloud backups; no restore tests,Mitigate,Perform quarterly backup restoration test,A.8.13,07-Nov-2026,2,4,8,Medium,Open,Not accepted - treat
R-008,API Keys,Credential exposure,Poor secret management,3,5,15,High,DevOps Lead,Some secrets in env files,Mitigate,Move secrets to AWS Secrets Manager; enable GitHub secret scanning,"A.5.17, A.8.24",22-Nov-2026,2,4,8,Medium,Open,Not accepted - treat
R-009,HR System,Data disclosure,Excessive access,3,4,12,High,HR Manager,Admin role limited to HR team (not reviewed),Mitigate,Review and restrict HRMS roles,A.5.18,07-Nov-2026,2,3,6,Medium,Open,Not accepted - treat
R-010,Customer Support,Data leakage,Improper data handling,3,4,12,High,Support Lead,Informal guidance to agents,Mitigate,Define data-handling procedure; mask customer data in tickets,"A.5.34, A.8.11",22-Nov-2026,2,3,6,Medium,Open,Not accepted - treat
R-011,Source Code,Intellectual property theft,Excessive repository access,3,4,12,High,Engineering Lead,Team-level repo permissions,Mitigate,Repository access review; branch protection; least privilege,"A.8.4, A.5.18",07-Nov-2026,2,3,6,Medium,Open,Not accepted - treat
R-012,AWS,Service outage,Single-region dependency,3,5,15,High,DevOps Lead,Multi-AZ for database (assumed),Mitigate,Design and test multi-region / DR failover,"A.8.14, A.5.30",06-Jan-2027,2,4,8,Medium,Open,Not accepted - treat
R-013,Security Logs,Evidence loss,Insufficient retention,3,4,12,High,Security Lead,Default log retention only,Mitigate,Define 12-month retention; centralise logs in protected storage,"A.8.15, A.8.16",22-Nov-2026,2,3,6,Medium,Open,Not accepted - treat
R-014,Employee Laptop,Data theft,Disk encryption gap,3,4,12,High,IT Manager,Encryption on some devices,Mitigate,Enforce full-disk encryption through device management,"A.8.1, A.8.24",07-Nov-2026,1,4,4,Low,Open,Not accepted - treat
R-015,Vendor,Supply-chain compromise,Weak vendor assessment,3,5,15,High,Procurement,Contracts reviewed ad hoc,Mitigate,Implement vendor security assessment process,"A.5.19, A.5.20",07-Dec-2026,2,4,8,Medium,Open,Not accepted - treat
R-016,Website,Exploitation,Unpatched components,3,4,12,High,IT Manager,Manual updates,Mitigate,Monthly patching and vulnerability scanning for website,A.8.8,07-Nov-2026,2,3,6,Medium,Open,Not accepted - treat
R-017,Payroll Data,Unauthorized disclosure,Weak access segregation,2,5,10,High,Finance Manager,Payroll accessible to finance team,Mitigate,Restrict payroll access to named roles; log access,"A.5.15, A.8.3, A.5.3",07-Nov-2026,1,5,5,Medium,Open,Not accepted - treat
R-018,Network,Lateral movement,Poor segmentation,3,4,12,High,DevOps Lead,Single flat corporate network (assumed),Mitigate,Segment prod/corporate/dev; review security groups,"A.8.22, A.8.20",07-Dec-2026,2,3,6,Medium,Open,Not accepted - treat
